{"0.32826016816540515":{"user_id":3},"0.11431542965714492":{"user_id":5}}